userid	username	training_step	test_result
2	ebde976a-cef9-4bea-b486-cbd1fd9a2dfa	35	{"0":{"reference":"you will accept","user_answer":"you enter"},"1":{"reference":"you watch","user_answer":"you watch"},"2":{"reference":"you will watch","user_answer":"you will watch"},"3":{"reference":"he watched","user_answer":"he will watch"},"4":{"reference":"I watch","user_answer":"I watch"},"5":{"reference":"I accepted","user_answer":"I enter"},"6":{"reference":"he watches","user_answer":"he watches"},"test_correct_num":4,"test_total_num":7}
3	1183be42-0598-40ae-9ffa-cab3d8b59553	35	{"0":{"reference":"you will accept","user_answer":"you will accept"},"1":{"reference":"you watch","user_answer":"you watch"},"2":{"reference":"you will watch","user_answer":"you will watch"},"3":{"reference":"he watched","user_answer":"he will watch"},"4":{"reference":"I watch","user_answer":"he watched"},"5":{"reference":"I accepted","user_answer":"I will accept"},"6":{"reference":"he watches","user_answer":"He watch"},"test_correct_num":3,"test_total_num":7}
4	4d4dff30-766d-4533-adb1-43812669e4a4	35	{"0":{"reference":"you will accept","user_answer":"you will accept"},"1":{"reference":"you watch","user_answer":"you watch"},"2":{"reference":"you will watch","user_answer":"you will watch"},"3":{"reference":"he watched","user_answer":"he watches"},"4":{"reference":"I watch","user_answer":"I watch"},"5":{"reference":"I accepted","user_answer":"I accept"},"6":{"reference":"he watches","user_answer":"he watches"},"test_correct_num":5,"test_total_num":7}
5	e4533d91-1fee-401b-ab0d-68f39185db8a	35	{"0":{"reference":"you will accept","user_answer":"you accepted"},"1":{"reference":"you watch","user_answer":"you watched"},"2":{"reference":"you will watch","user_answer":"you will watch"},"3":{"reference":"he watched","user_answer":"he watched"},"4":{"reference":"I watch","user_answer":"I will watch"},"5":{"reference":"I accepted","user_answer":"I will accept"},"6":{"reference":"he watches","user_answer":"he will watch"},"test_correct_num":2,"test_total_num":7}
6	d23477b9-713a-4f77-80c7-d94c561419ff	35	{"0":{"reference":"you will accept","user_answer":"you will accept"},"1":{"reference":"you watch","user_answer":"you will watch"},"2":{"reference":"you will watch","user_answer":"you watched"},"3":{"reference":"he watched","user_answer":"he looks"},"4":{"reference":"I watch","user_answer":"I watched"},"5":{"reference":"I accepted","user_answer":"I will accept"},"6":{"reference":"he watches","user_answer":""},"test_correct_num":1,"test_total_num":7}
7	1fd24389-6a8a-401e-87c7-640522d66153	23	NULL
8	5200b981-777d-4b7c-97c7-d9ba8e0e7e1e	35	{"0":{"reference":"you will accept","user_answer":"you accepted"},"1":{"reference":"you watch","user_answer":"you watched"},"2":{"reference":"you will watch","user_answer":"you will watch"},"3":{"reference":"he watched","user_answer":"he watched"},"4":{"reference":"I watch","user_answer":"I watched"},"5":{"reference":"I accepted","user_answer":"I accepted"},"6":{"reference":"he watches","user_answer":""},"test_correct_num":3,"test_total_num":7}
9	e304774c-ff92-492b-9c0c-862152bd9723	35	{"0":{"reference":"you will accept","user_answer":"You accepted"},"1":{"reference":"you watch","user_answer":"You watched"},"2":{"reference":"you will watch","user_answer":"You watch"},"3":{"reference":"he watched","user_answer":"I watch"},"4":{"reference":"I watch","user_answer":"I will watch"},"5":{"reference":"I accepted","user_answer":"I accepted"},"6":{"reference":"he watches","user_answer":"I watch"},"test_correct_num":1,"test_total_num":7}
10	7aedc72e-0c77-4d39-a318-aca4cc323e8c	35	{"0":{"reference":"you will accept","user_answer":"you accepted"},"1":{"reference":"you watch","user_answer":"you watched"},"2":{"reference":"you will watch","user_answer":"you will watch"},"3":{"reference":"he watched","user_answer":"he watched"},"4":{"reference":"I watch","user_answer":"I watch"},"5":{"reference":"I accepted","user_answer":"I accepted"},"6":{"reference":"he watches","user_answer":"he will watch"},"test_correct_num":4,"test_total_num":7}
11	7e34ee41-6d66-4845-99ae-96af6e95e7d5	35	{"0":{"reference":"you will accept","user_answer":"you accept"},"1":{"reference":"you watch","user_answer":"you watched"},"2":{"reference":"you will watch","user_answer":"you will watch"},"3":{"reference":"he watched","user_answer":"he watched"},"4":{"reference":"I watch","user_answer":"I watch"},"5":{"reference":"I accepted","user_answer":"I accept"},"6":{"reference":"he watches","user_answer":"he watched"},"test_correct_num":3,"test_total_num":7}
12	2459aace-9f12-4b90-8b7c-8b500dbc5fbc	35	{"0":{"reference":"you will accept","user_answer":"you will accept"},"1":{"reference":"you watch","user_answer":"you watch"},"2":{"reference":"you will watch","user_answer":"you will watch"},"3":{"reference":"he watched","user_answer":"he watched"},"4":{"reference":"I watch","user_answer":"I watched"},"5":{"reference":"I accepted","user_answer":"I accepted"},"6":{"reference":"he watches","user_answer":"he watches"},"test_correct_num":6,"test_total_num":7}
13	a62fc4c0-bfec-466d-a513-16f96955f1df	35	{"0":{"reference":"you will accept","user_answer":"you will accept"},"1":{"reference":"you watch","user_answer":"you watch"},"2":{"reference":"you will watch","user_answer":"you will watch"},"3":{"reference":"he watched","user_answer":"he watched"},"4":{"reference":"I watch","user_answer":"i watch"},"5":{"reference":"I accepted","user_answer":"i accept"},"6":{"reference":"he watches","user_answer":""},"test_correct_num":5,"test_total_num":7}
14	7e4873d1-b516-4140-9096-7f87279ef111	35	{"0":{"reference":"you will accept","user_answer":"you accepted"},"1":{"reference":"you watch","user_answer":"I watch"},"2":{"reference":"you will watch","user_answer":"I will watch"},"3":{"reference":"he watched","user_answer":"he watched"},"4":{"reference":"I watch","user_answer":"I watched"},"5":{"reference":"I accepted","user_answer":"I accepted"},"6":{"reference":"he watches","user_answer":"He watches"},"test_correct_num":3,"test_total_num":7}
15	28db4006-ade4-4805-bab6-b18629f3fab2	35	{"0":{"reference":"you will accept","user_answer":"you will accept"},"1":{"reference":"you watch","user_answer":"you watched"},"2":{"reference":"you will watch","user_answer":"you will watch"},"3":{"reference":"he watched","user_answer":"he watched"},"4":{"reference":"I watch","user_answer":"I will watch"},"5":{"reference":"I accepted","user_answer":"I will accept"},"6":{"reference":"he watches","user_answer":"he will watch"},"test_correct_num":3,"test_total_num":7}
16	ecf40754-3977-4c53-bb34-47a8ad357633	35	{"0":{"reference":"you will accept","user_answer":"you accept"},"1":{"reference":"you watch","user_answer":"you watch"},"2":{"reference":"you will watch","user_answer":"you watched"},"3":{"reference":"he watched","user_answer":"he watched"},"4":{"reference":"I watch","user_answer":"I watch"},"5":{"reference":"I accepted","user_answer":"I accepted"},"6":{"reference":"he watches","user_answer":"he watches"},"test_correct_num":5,"test_total_num":7}
17	64579197-0db0-4cc5-85dd-b0dd8433f616	35	{"0":{"reference":"you will accept","user_answer":"you will watch"},"1":{"reference":"you watch","user_answer":"you watch"},"2":{"reference":"you will watch","user_answer":"you will accept"},"3":{"reference":"he watched","user_answer":"he watch"},"4":{"reference":"I watch","user_answer":"i watch"},"5":{"reference":"I accepted","user_answer":"i accept"},"6":{"reference":"he watches","user_answer":"he"},"test_correct_num":2,"test_total_num":7}
18	7f960b3a-d8fc-4478-9237-aefde4f98a29	35	{"0":{"reference":"you will accept","user_answer":"I watched"},"1":{"reference":"you watch","user_answer":"I accepted"},"2":{"reference":"you will watch","user_answer":"She accepted"},"3":{"reference":"he watched","user_answer":"I watched"},"4":{"reference":"I watch","user_answer":"SHE WATCHED"},"5":{"reference":"I accepted","user_answer":"To watch"},"6":{"reference":"he watches","user_answer":""},"test_correct_num":0,"test_total_num":7}
19	7139e988-d2ee-40b9-acc1-0a35054ff618	35	{"0":{"reference":"you will accept","user_answer":"You will accept"},"1":{"reference":"you watch","user_answer":"You watch"},"2":{"reference":"you will watch","user_answer":"You watched"},"3":{"reference":"he watched","user_answer":"He watched"},"4":{"reference":"I watch","user_answer":"I watched"},"5":{"reference":"I accepted","user_answer":"I accept"},"6":{"reference":"he watches","user_answer":"I w"},"test_correct_num":3,"test_total_num":7}
20	accff1ac-7a75-4b65-89cf-25826ca6c85a	35	{"0":{"reference":"you will accept","user_answer":"he entered"},"1":{"reference":"you watch","user_answer":"he watched"},"2":{"reference":"you will watch","user_answer":""},"3":{"reference":"he watched","user_answer":""},"4":{"reference":"I watch","user_answer":"i "},"5":{"reference":"I accepted","user_answer":""},"6":{"reference":"he watches","user_answer":"she entered"},"test_correct_num":0,"test_total_num":7}
21	79bc646a-13cd-43bd-8a09-5da782b411f3	35	{"0":{"reference":"you will accept","user_answer":"he enters"},"1":{"reference":"you watch","user_answer":"he watched"},"2":{"reference":"you will watch","user_answer":"he accepts"},"3":{"reference":"he watched","user_answer":"you accept"},"4":{"reference":"I watch","user_answer":"you watched"},"5":{"reference":"I accepted","user_answer":"you accepts"},"6":{"reference":"he watches","user_answer":"she watched"},"test_correct_num":0,"test_total_num":7}
22	70c297fe-4bab-40ed-84a6-f1d1934759b5	8	NULL
23	5e2c4e9f-7482-4a4c-b0ef-31d0aa84f573	35	{"0":{"reference":"you will accept","user_answer":"you will accept"},"1":{"reference":"you watch","user_answer":"you watched"},"2":{"reference":"you will watch","user_answer":"you will watch"},"3":{"reference":"he watched","user_answer":"he watched"},"4":{"reference":"I watch","user_answer":"I will watch"},"5":{"reference":"I accepted","user_answer":"I watched"},"6":{"reference":"he watches","user_answer":"he will watch"},"test_correct_num":3,"test_total_num":7}
24	c5de2970-1516-45ed-81e9-dec19e205aaf	35	{"0":{"reference":"you will accept","user_answer":"she will watch"},"1":{"reference":"you watch","user_answer":"he enters"},"2":{"reference":"you will watch","user_answer":"he accepts"},"3":{"reference":"he watched","user_answer":"he watches"},"4":{"reference":"I watch","user_answer":"I watch"},"5":{"reference":"I accepted","user_answer":"I accept"},"6":{"reference":"he watches","user_answer":"he accepts"},"test_correct_num":1,"test_total_num":7}
25	03865737-8900-45ce-bcd4-be319f87bf7b	35	{"0":{"reference":"you will accept","user_answer":"you accepted"},"1":{"reference":"you watch","user_answer":"you enter"},"2":{"reference":"you will watch","user_answer":"you will enter"},"3":{"reference":"he watched","user_answer":"he will enter"},"4":{"reference":"I watch","user_answer":"I enter"},"5":{"reference":"I accepted","user_answer":"I accepted"},"6":{"reference":"he watches","user_answer":"he enters"},"test_correct_num":1,"test_total_num":7}
26	4e9734ba-c15e-4acc-be96-0a0a6f5d59fe	35	{"0":{"reference":"you will accept","user_answer":"you accepted"},"1":{"reference":"you watch","user_answer":"you will watch"},"2":{"reference":"you will watch","user_answer":"you watched"},"3":{"reference":"he watched","user_answer":"he will watch"},"4":{"reference":"I watch","user_answer":""},"5":{"reference":"I accepted","user_answer":""},"6":{"reference":"he watches","user_answer":""},"test_correct_num":0,"test_total_num":7}
27	f11df383-6bcd-4bcf-a3e7-05f462509eea	35	{"0":{"reference":"you will accept","user_answer":"You will accept"},"1":{"reference":"you watch","user_answer":"You accept"},"2":{"reference":"you will watch","user_answer":"You enter"},"3":{"reference":"he watched","user_answer":"He watched"},"4":{"reference":"I watch","user_answer":"I accep"},"5":{"reference":"I accepted","user_answer":""},"6":{"reference":"he watches","user_answer":""},"test_correct_num":2,"test_total_num":7}
28	b5bb218b-2b0d-4439-9acc-c5744d9363ce	35	{"0":{"reference":"you will accept","user_answer":"You will accept"},"1":{"reference":"you watch","user_answer":"You watch"},"2":{"reference":"you will watch","user_answer":"You will watch"},"3":{"reference":"he watched","user_answer":"He watched"},"4":{"reference":"I watch","user_answer":"I watch"},"5":{"reference":"I accepted","user_answer":"I accept"},"6":{"reference":"he watches","user_answer":"He watches"},"test_correct_num":6,"test_total_num":7}
29	fa4a4566-ba11-45e8-91ee-195d2e6f9965	35	{"0":{"reference":"you will accept","user_answer":"you  watch"},"1":{"reference":"you watch","user_answer":"you watched"},"2":{"reference":"you will watch","user_answer":"you will watch"},"3":{"reference":"he watched","user_answer":"he will accepte"},"4":{"reference":"I watch","user_answer":"I accept"},"5":{"reference":"I accepted","user_answer":"I watched"},"6":{"reference":"he watches","user_answer":"you will accept"},"test_correct_num":1,"test_total_num":7}
30	918520e5-9cfb-4232-b527-d14ee9bd28cb	35	{"0":{"reference":"you will accept","user_answer":"you will accept"},"1":{"reference":"you watch","user_answer":"you watch"},"2":{"reference":"you will watch","user_answer":"you will watch"},"3":{"reference":"he watched","user_answer":"he watched"},"4":{"reference":"I watch","user_answer":"I watch"},"5":{"reference":"I accepted","user_answer":"I accepted"},"6":{"reference":"he watches","user_answer":"he m"},"test_correct_num":6,"test_total_num":7}
31	1fdde847-264b-404b-8546-aa068b582da1	35	{"0":{"reference":"you will accept","user_answer":"you entered"},"1":{"reference":"you watch","user_answer":"i entered"},"2":{"reference":"you will watch","user_answer":"he entered"},"3":{"reference":"he watched","user_answer":"you watched"},"4":{"reference":"I watch","user_answer":"he watched"},"5":{"reference":"I accepted","user_answer":"i entered"},"6":{"reference":"he watches","user_answer":"he entered"},"test_correct_num":0,"test_total_num":7}
32	246dd7cf-e63b-4167-a63f-10ec8bfd1415	1	NULL
33	314ec775-474a-4359-82a9-ca17ae854fbd	35	{"0":{"reference":"you will accept","user_answer":"you accepted"},"1":{"reference":"you watch","user_answer":"you watched"},"2":{"reference":"you will watch","user_answer":"you will watch"},"3":{"reference":"he watched","user_answer":"he watches"},"4":{"reference":"I watch","user_answer":"I watch"},"5":{"reference":"I accepted","user_answer":"I accept"},"6":{"reference":"he watches","user_answer":"he watched"},"test_correct_num":2,"test_total_num":7}
34	ce3929bf-65e5-4125-af29-9d22ed7be0b2	21	NULL
35	c7a08bfb-db69-4e15-8924-991c4e53d848	35	{"0":{"reference":"you will accept","user_answer":"you will enter"},"1":{"reference":"you watch","user_answer":"you watch"},"2":{"reference":"you will watch","user_answer":"you will watch"},"3":{"reference":"he watched","user_answer":"he watched"},"4":{"reference":"I watch","user_answer":"I will watch"},"5":{"reference":"I accepted","user_answer":"you accept"},"6":{"reference":"he watches","user_answer":""},"test_correct_num":3,"test_total_num":7}
36	51ae90f8-4ca4-4f90-bf87-b52375d8eaab	35	{"0":{"reference":"you will accept","user_answer":"he entered"},"1":{"reference":"you watch","user_answer":"he watches"},"2":{"reference":"you will watch","user_answer":"he will watch"},"3":{"reference":"he watched","user_answer":"you watched"},"4":{"reference":"I watch","user_answer":"I will watch"},"5":{"reference":"I accepted","user_answer":"I will accept"},"6":{"reference":"he watches","user_answer":"you watch"},"test_correct_num":0,"test_total_num":7}
37	c95b557b-7f91-475d-b4f0-d24b2f23ceeb	35	{"0":{"reference":"you will accept","user_answer":"I will accept"},"1":{"reference":"you watch","user_answer":"I entered"},"2":{"reference":"you will watch","user_answer":"I will enter"},"3":{"reference":"he watched","user_answer":"He watched"},"4":{"reference":"I watch","user_answer":"I accept"},"5":{"reference":"I accepted","user_answer":"I have watched"},"6":{"reference":"he watches","user_answer":"I enter"},"test_correct_num":1,"test_total_num":7}
38	b0a74f3f-aee1-4413-999e-1fb3f82c8f8b	35	{"0":{"reference":"you will accept","user_answer":""},"1":{"reference":"you watch","user_answer":""},"2":{"reference":"you will watch","user_answer":""},"3":{"reference":"he watched","user_answer":"he watched"},"4":{"reference":"I watch","user_answer":"I watch"},"5":{"reference":"I accepted","user_answer":"I will accept"},"6":{"reference":"he watches","user_answer":"he watches"},"test_correct_num":3,"test_total_num":7}
39	92d61bab-dba6-4fac-98d9-6253a002b59b	35	{"0":{"reference":"you will accept","user_answer":"she accepts"},"1":{"reference":"you watch","user_answer":"i watch"},"2":{"reference":"you will watch","user_answer":"you watch"},"3":{"reference":"he watched","user_answer":"she enters"},"4":{"reference":"I watch","user_answer":"he watched"},"5":{"reference":"I accepted","user_answer":"you accept"},"6":{"reference":"he watches","user_answer":""},"test_correct_num":0,"test_total_num":7}
40	06f73317-9637-41c6-a46b-d702b8b12637	35	{"0":{"reference":"you will accept","user_answer":"you will accept"},"1":{"reference":"you watch","user_answer":"you enter"},"2":{"reference":"you will watch","user_answer":"you will accept"},"3":{"reference":"he watched","user_answer":"he enters"},"4":{"reference":"I watch","user_answer":"I will enter"},"5":{"reference":"I accepted","user_answer":"I will accept"},"6":{"reference":"he watches","user_answer":"he enters"},"test_correct_num":1,"test_total_num":7}
43	5a1bfcea-32d9-4ce5-a9cc-6eb2aeee1935	35	{"0":{"reference":"you will accept","user_answer":"you entered"},"1":{"reference":"you watch","user_answer":"you watch"},"2":{"reference":"you will watch","user_answer":"you will watch"},"3":{"reference":"he watched","user_answer":"he watched"},"4":{"reference":"I watch","user_answer":"you watched"},"5":{"reference":"I accepted","user_answer":""},"6":{"reference":"he watches","user_answer":""},"test_correct_num":3,"test_total_num":7}
44	6ed18a92-11a8-44e9-a6d8-e1a70b5335a2	35	{"0":{"reference":"you will accept","user_answer":"you accepted"},"1":{"reference":"you watch","user_answer":"you watch"},"2":{"reference":"you will watch","user_answer":"you watched"},"3":{"reference":"he watched","user_answer":"he watched"},"4":{"reference":"I watch","user_answer":"I watch"},"5":{"reference":"I accepted","user_answer":"I accept"},"6":{"reference":"he watches","user_answer":"he watches"},"test_correct_num":4,"test_total_num":7}
45	f34e7193-5e1d-4d7a-8141-817cf874ae84	35	{"0":{"reference":"you will accept","user_answer":"I accept"},"1":{"reference":"you watch","user_answer":"I watch"},"2":{"reference":"you will watch","user_answer":"I will watch"},"3":{"reference":"he watched","user_answer":"He watched"},"4":{"reference":"I watch","user_answer":"You will watch"},"5":{"reference":"I accepted","user_answer":"You accepted"},"6":{"reference":"he watches","user_answer":"He watches"},"test_correct_num":2,"test_total_num":7}
46	d97a0740-96a9-4f2f-84b7-02a631a09646	35	{"0":{"reference":"you will accept","user_answer":"You accept"},"1":{"reference":"you watch","user_answer":"You watch"},"2":{"reference":"you will watch","user_answer":"You watched"},"3":{"reference":"he watched","user_answer":"He will watch"},"4":{"reference":"I watch","user_answer":"I watch"},"5":{"reference":"I accepted","user_answer":"I accepted"},"6":{"reference":"he watches","user_answer":"He watches"},"test_correct_num":4,"test_total_num":7}
47	1026d0cb-1cb7-41be-956a-c99160faff91	35	{"0":{"reference":"you will accept","user_answer":"you will accept"},"1":{"reference":"you watch","user_answer":"you watch"},"2":{"reference":"you will watch","user_answer":"you will watch"},"3":{"reference":"he watched","user_answer":"he watches"},"4":{"reference":"I watch","user_answer":"I will watch"},"5":{"reference":"I accepted","user_answer":"I accepted"},"6":{"reference":"he watches","user_answer":"he will watch"},"test_correct_num":4,"test_total_num":7}
48	69d0d023-8b3e-43ab-96be-23dabba64189	35	{"0":{"reference":"you will accept","user_answer":"you accept"},"1":{"reference":"you watch","user_answer":"you watch"},"2":{"reference":"you will watch","user_answer":"you will watch"},"3":{"reference":"he watched","user_answer":"he watched"},"4":{"reference":"I watch","user_answer":"i watched"},"5":{"reference":"I accepted","user_answer":"i accepted"},"6":{"reference":"he watches","user_answer":"he watched"},"test_correct_num":4,"test_total_num":7}
49	b2505d50-3957-49e2-b599-ed49007d1307	35	{"0":{"reference":"you will accept","user_answer":"you will accept"},"1":{"reference":"you watch","user_answer":"you watch"},"2":{"reference":"you will watch","user_answer":"you will watch"},"3":{"reference":"he watched","user_answer":"he watched"},"4":{"reference":"I watch","user_answer":"i watched"},"5":{"reference":"I accepted","user_answer":"i accepted"},"6":{"reference":"he watches","user_answer":"he watches"},"test_correct_num":6,"test_total_num":7}
50	d4eeedaf-73a9-4569-b854-32a2b3cd43af	35	{"0":{"reference":"you will accept","user_answer":"you will accept"},"1":{"reference":"you watch","user_answer":"you watch"},"2":{"reference":"you will watch","user_answer":"you will watch"},"3":{"reference":"he watched","user_answer":"he watched"},"4":{"reference":"I watch","user_answer":"I watch"},"5":{"reference":"I accepted","user_answer":"I accept"},"6":{"reference":"he watches","user_answer":"he watches"},"test_correct_num":6,"test_total_num":7}
51	b2bdf982-def9-4a16-b7f2-b48ca7b8e7af	35	{"0":{"reference":"you will accept","user_answer":"she watches"},"1":{"reference":"you watch","user_answer":"i watch"},"2":{"reference":"you will watch","user_answer":"i watched"},"3":{"reference":"he watched","user_answer":"she watched"},"4":{"reference":"I watch","user_answer":"i watch"},"5":{"reference":"I accepted","user_answer":"i accept"},"6":{"reference":"he watches","user_answer":"i watch"},"test_correct_num":1,"test_total_num":7}
52	f91acf51-b624-4333-868b-71033b457bda	35	{"0":{"reference":"you will accept","user_answer":"you entered"},"1":{"reference":"you watch","user_answer":"you open"},"2":{"reference":"you will watch","user_answer":"you will open"},"3":{"reference":"he watched","user_answer":"he opens"},"4":{"reference":"I watch","user_answer":"you open"},"5":{"reference":"I accepted","user_answer":"I accept"},"6":{"reference":"he watches","user_answer":"I will watch"},"test_correct_num":0,"test_total_num":7}
53	b6da0644-a31b-4422-9a68-b6d0cbb6dfc5	17	NULL
54	5c9d6ff4-724f-4b6d-9aef-28f8eb2a96a0	35	{"0":{"reference":"you will accept","user_answer":"you will accept"},"1":{"reference":"you watch","user_answer":"you watch"},"2":{"reference":"you will watch","user_answer":"you will watch"},"3":{"reference":"he watched","user_answer":"he watched"},"4":{"reference":"I watch","user_answer":"I will watch"},"5":{"reference":"I accepted","user_answer":"I will accept"},"6":{"reference":"he watches","user_answer":"he watche"},"test_correct_num":4,"test_total_num":7}
55	119c045e-d385-427e-bb83-a727dd0b534b	35	{"0":{"reference":"you will accept","user_answer":"you accepted"},"1":{"reference":"you watch","user_answer":"you watch"},"2":{"reference":"you will watch","user_answer":"you watched"},"3":{"reference":"he watched","user_answer":"he watches"},"4":{"reference":"I watch","user_answer":"i watch"},"5":{"reference":"I accepted","user_answer":"i accept"},"6":{"reference":"he watches","user_answer":"he watched"},"test_correct_num":2,"test_total_num":7}
56	c8006808-10a9-46a0-867b-1ef124ca5ad4	35	{"0":{"reference":"you will accept","user_answer":"you will accept"},"1":{"reference":"you watch","user_answer":"i watch"},"2":{"reference":"you will watch","user_answer":"i watched"},"3":{"reference":"he watched","user_answer":"he watched"},"4":{"reference":"I watch","user_answer":"i watched"},"5":{"reference":"I accepted","user_answer":"i accepted"},"6":{"reference":"he watches","user_answer":"he watched"},"test_correct_num":3,"test_total_num":7}
57	99a8fe34-4af5-445f-9038-f629def11279	35	{"0":{"reference":"you will accept","user_answer":"I entered"},"1":{"reference":"you watch","user_answer":"I watch"},"2":{"reference":"you will watch","user_answer":"I will watch"},"3":{"reference":"he watched","user_answer":"he watched"},"4":{"reference":"I watch","user_answer":"I watched"},"5":{"reference":"I accepted","user_answer":"I entered"},"6":{"reference":"he watches","user_answer":"he watches"},"test_correct_num":2,"test_total_num":7}
58	4d363974-22f4-48bd-80f1-3d310da83518	35	{"0":{"reference":"you will accept","user_answer":"you accepted"},"1":{"reference":"you watch","user_answer":"you watched"},"2":{"reference":"you will watch","user_answer":"you will watch"},"3":{"reference":"he watched","user_answer":"he watches"},"4":{"reference":"I watch","user_answer":"you watched"},"5":{"reference":"I accepted","user_answer":"you accepted"},"6":{"reference":"he watches","user_answer":"he watched"},"test_correct_num":1,"test_total_num":7}
59	e8156022-ffe8-485f-bc8b-d72a662f1ff9	35	{"0":{"reference":"you will accept","user_answer":"you will accept"},"1":{"reference":"you watch","user_answer":"you watch"},"2":{"reference":"you will watch","user_answer":"you will enter"},"3":{"reference":"he watched","user_answer":"he watches"},"4":{"reference":"I watch","user_answer":"you enter"},"5":{"reference":"I accepted","user_answer":"you accept"},"6":{"reference":"he watches","user_answer":"he watches"},"test_correct_num":3,"test_total_num":7}
60	d74db944-f600-4069-9745-a2edc4f2f31d	35	{"0":{"reference":"you will accept","user_answer":"you will accept"},"1":{"reference":"you watch","user_answer":"you watch"},"2":{"reference":"you will watch","user_answer":"you will watch"},"3":{"reference":"he watched","user_answer":"he watched"},"4":{"reference":"I watch","user_answer":"I watched"},"5":{"reference":"I accepted","user_answer":"I accepted"},"6":{"reference":"he watches","user_answer":"he watches"},"test_correct_num":6,"test_total_num":7}
61	44229acd-e1e0-4ebb-a143-e320c5b862f6	35	{"0":{"reference":"you will accept","user_answer":"you will accept"},"1":{"reference":"you watch","user_answer":"you watch"},"2":{"reference":"you will watch","user_answer":"you will watch"},"3":{"reference":"he watched","user_answer":"he watches"},"4":{"reference":"I watch","user_answer":"I watch"},"5":{"reference":"I accepted","user_answer":"I accept"},"6":{"reference":"he watches","user_answer":"He watches"},"test_correct_num":5,"test_total_num":7}
62	ac96e668-3aa5-464b-b2cb-89d16d60d9a7	35	{"0":{"reference":"you will accept","user_answer":"I will accept"},"1":{"reference":"you watch","user_answer":"I enter"},"2":{"reference":"you will watch","user_answer":"I entered"},"3":{"reference":"he watched","user_answer":"He accepts"},"4":{"reference":"I watch","user_answer":"I accept"},"5":{"reference":"I accepted","user_answer":"I will accept"},"6":{"reference":"he watches","user_answer":"He enter"},"test_correct_num":0,"test_total_num":7}
63	f96ebfed-87b4-4035-b361-09ca3d0b62de	4	NULL
64	03bacbad-d2b2-45fc-80a1-0f36fe17417e	35	{"0":{"reference":"you will accept","user_answer":"you accept"},"1":{"reference":"you watch","user_answer":"you watched"},"2":{"reference":"you will watch","user_answer":"you will watch"},"3":{"reference":"he watched","user_answer":"he watches"},"4":{"reference":"I watch","user_answer":"I watched"},"5":{"reference":"I accepted","user_answer":"I accept"},"6":{"reference":"he watches","user_answer":"he watches"},"test_correct_num":2,"test_total_num":7}
65	6b34947e-fd05-45b2-914c-786fea9eb8f0	35	{"0":{"reference":"you will accept","user_answer":"you accept"},"1":{"reference":"you watch","user_answer":"you watch"},"2":{"reference":"you will watch","user_answer":"you will watch"},"3":{"reference":"he watched","user_answer":"he watched"},"4":{"reference":"I watch","user_answer":"I watch"},"5":{"reference":"I accepted","user_answer":"I enter"},"6":{"reference":"he watches","user_answer":"He watches"},"test_correct_num":5,"test_total_num":7}
66	4918a6df-ed05-4483-937e-e762e5dbbc92	35	{"0":{"reference":"you will accept","user_answer":"i will enter"},"1":{"reference":"you watch","user_answer":"he accepted"},"2":{"reference":"you will watch","user_answer":"he accepts"},"3":{"reference":"he watched","user_answer":"i enter"},"4":{"reference":"I watch","user_answer":"you enter"},"5":{"reference":"I accepted","user_answer":"he accepts"},"6":{"reference":"he watches","user_answer":"she passes through"},"test_correct_num":0,"test_total_num":7}
67	1345a3c2-29d8-47f5-aff4-6123d6e014f4	35	{"0":{"reference":"you will accept","user_answer":"you accept"},"1":{"reference":"you watch","user_answer":"you watch"},"2":{"reference":"you will watch","user_answer":"you will watch"},"3":{"reference":"he watched","user_answer":"he watched"},"4":{"reference":"I watch","user_answer":"I watched"},"5":{"reference":"I accepted","user_answer":"I accepted"},"6":{"reference":"he watches","user_answer":"he watched"},"test_correct_num":4,"test_total_num":7}
68	76659ccc-1d99-4507-99d0-223243662295	35	{"0":{"reference":"you will accept","user_answer":"He will accept"},"1":{"reference":"you watch","user_answer":"You will watch"},"2":{"reference":"you will watch","user_answer":"You watched"},"3":{"reference":"he watched","user_answer":"He watched"},"4":{"reference":"I watch","user_answer":"I watched"},"5":{"reference":"I accepted","user_answer":"I accepted"},"6":{"reference":"he watches","user_answer":"He watched"},"test_correct_num":2,"test_total_num":7}
69	f58cea18-44cb-498f-89a5-816c4b41acfd	35	NULL
70	6dbbb238-6c44-4b30-a057-b98f87cdca24	35	{"0":{"reference":"you will accept","user_answer":"you accept"},"1":{"reference":"you watch","user_answer":"you watch"},"2":{"reference":"you will watch","user_answer":"you will watch"},"3":{"reference":"he watched","user_answer":"he watched"},"4":{"reference":"I watch","user_answer":"I watch"},"5":{"reference":"I accepted","user_answer":"you accept"},"6":{"reference":"he watches","user_answer":"he watches"},"test_correct_num":5,"test_total_num":7}
71	b9b56db3-40d8-476f-9441-bdfbae390926	35	{"0":{"reference":"you will accept","user_answer":"he entered"},"1":{"reference":"you watch","user_answer":"he watched"},"2":{"reference":"you will watch","user_answer":"he watches"},"3":{"reference":"he watched","user_answer":"she watched"},"4":{"reference":"I watch","user_answer":"i watch"},"5":{"reference":"I accepted","user_answer":"you will enter"},"6":{"reference":"he watches","user_answer":"he watches"},"test_correct_num":2,"test_total_num":7}
72	422e6d39-a2b3-4a6c-96d3-16adafd86bca	35	{"0":{"reference":"you will accept","user_answer":"you will accept"},"1":{"reference":"you watch","user_answer":"you watched"},"2":{"reference":"you will watch","user_answer":"you will watch"},"3":{"reference":"he watched","user_answer":"he watches"},"4":{"reference":"I watch","user_answer":"I watched"},"5":{"reference":"I accepted","user_answer":"I accepted"},"6":{"reference":"he watches","user_answer":"he watched"},"test_correct_num":3,"test_total_num":7}
73	3f2de6db-a75c-46c4-a416-68305c2b44aa	25	NULL
74	36cdd816-1607-4820-bd1e-088d63a98eea	35	{"0":{"reference":"you will accept","user_answer":""},"1":{"reference":"you watch","user_answer":""},"2":{"reference":"you will watch","user_answer":""},"3":{"reference":"he watched","user_answer":"he watched"},"4":{"reference":"I watch","user_answer":"i watch"},"5":{"reference":"I accepted","user_answer":"i will accept"},"6":{"reference":"he watches","user_answer":"he will watch"},"test_correct_num":2,"test_total_num":7}
75	b9030492-54bd-4767-ab47-7a293a82bd81	35	{"0":{"reference":"you will accept","user_answer":"you accept"},"1":{"reference":"you watch","user_answer":"I watched"},"2":{"reference":"you will watch","user_answer":"I will watch"},"3":{"reference":"he watched","user_answer":"she watches"},"4":{"reference":"I watch","user_answer":"I watched"},"5":{"reference":"I accepted","user_answer":"I accept"},"6":{"reference":"he watches","user_answer":"he watches"},"test_correct_num":1,"test_total_num":7}
76	b34a034a-b234-4502-af04-bdb0337a3e9c	35	{"0":{"reference":"you will accept","user_answer":"You accepted"},"1":{"reference":"you watch","user_answer":"You watched"},"2":{"reference":"you will watch","user_answer":"You will watch"},"3":{"reference":"he watched","user_answer":"He watched"},"4":{"reference":"I watch","user_answer":"I watched"},"5":{"reference":"I accepted","user_answer":"I entered"},"6":{"reference":"he watches","user_answer":"He watched"},"test_correct_num":2,"test_total_num":7}
77	c442756f-1dca-407c-8c23-d805f343b1d1	35	{"0":{"reference":"you will accept","user_answer":"you will accept"},"1":{"reference":"you watch","user_answer":"you will watch"},"2":{"reference":"you will watch","user_answer":"you watched"},"3":{"reference":"he watched","user_answer":"he watched"},"4":{"reference":"I watch","user_answer":"I will watch"},"5":{"reference":"I accepted","user_answer":"I accepts"},"6":{"reference":"he watches","user_answer":"he watches"},"test_correct_num":3,"test_total_num":7}
78	527aaaa9-849d-4ba8-8871-bda0312a4766	35	{"0":{"reference":"you will accept","user_answer":"you accepted"},"1":{"reference":"you watch","user_answer":"you watch"},"2":{"reference":"you will watch","user_answer":"you watched"},"3":{"reference":"he watched","user_answer":"he watched"},"4":{"reference":"I watch","user_answer":"I watch"},"5":{"reference":"I accepted","user_answer":"I accept"},"6":{"reference":"he watches","user_answer":"he watches"},"test_correct_num":4,"test_total_num":7}
79	24b1e773-2836-4a43-94ad-ee4a94194f84	35	{"0":{"reference":"you will accept","user_answer":""},"1":{"reference":"you watch","user_answer":""},"2":{"reference":"you will watch","user_answer":""},"3":{"reference":"he watched","user_answer":""},"4":{"reference":"I watch","user_answer":""},"5":{"reference":"I accepted","user_answer":""},"6":{"reference":"he watches","user_answer":""},"test_correct_num":0,"test_total_num":7}
80	e32e88a6-698b-4a41-8226-ecc038847a59	6	NULL
81	46397f4b-dfb9-4160-99f2-109b84e2adbb	5	NULL
82	ba8d4a42-81a9-46b4-99de-5b304bbf5c34	35	{"0":{"reference":"you will accept","user_answer":"you will accept"},"1":{"reference":"you watch","user_answer":"you will watch"},"2":{"reference":"you will watch","user_answer":"you "},"3":{"reference":"he watched","user_answer":"he accepted"},"4":{"reference":"I watch","user_answer":"I watch"},"5":{"reference":"I accepted","user_answer":"I accept"},"6":{"reference":"he watches","user_answer":"he watched"},"test_correct_num":2,"test_total_num":7}
83	595e427a-f6c4-4dea-8217-55b82a697d51	35	{"0":{"reference":"you will accept","user_answer":"you accepted"},"1":{"reference":"you watch","user_answer":"you watched"},"2":{"reference":"you will watch","user_answer":"you will watch"},"3":{"reference":"he watched","user_answer":"he accepts"},"4":{"reference":"I watch","user_answer":"I "},"5":{"reference":"I accepted","user_answer":"I accept"},"6":{"reference":"he watches","user_answer":"he watches"},"test_correct_num":2,"test_total_num":7}
84	bea1e487-9927-4c77-96c6-cb21b35b3e9a	35	{"0":{"reference":"you will accept","user_answer":"you will accept"},"1":{"reference":"you watch","user_answer":"you watch"},"2":{"reference":"you will watch","user_answer":"you will watch"},"3":{"reference":"he watched","user_answer":"he watches"},"4":{"reference":"I watch","user_answer":"i watch"},"5":{"reference":"I accepted","user_answer":"i accepted"},"6":{"reference":"he watches","user_answer":"he watches"},"test_correct_num":6,"test_total_num":7}
85	a4ccc860-e3c3-461c-bcec-7902d603234e	35	{"0":{"reference":"you will accept","user_answer":"you will accept"},"1":{"reference":"you watch","user_answer":"you watch"},"2":{"reference":"you will watch","user_answer":"you will watch"},"3":{"reference":"he watched","user_answer":"he enters"},"4":{"reference":"I watch","user_answer":"I watch"},"5":{"reference":"I accepted","user_answer":"I "},"6":{"reference":"he watches","user_answer":""},"test_correct_num":4,"test_total_num":7}
86	a46afdaf-abbd-44cb-964f-56a3221a60c3	35	{"0":{"reference":"you will accept","user_answer":"she will watch"},"1":{"reference":"you watch","user_answer":"I watched"},"2":{"reference":"you will watch","user_answer":"You watch"},"3":{"reference":"he watched","user_answer":"He watched"},"4":{"reference":"I watch","user_answer":"She entered"},"5":{"reference":"I accepted","user_answer":"She entered"},"6":{"reference":"he watches","user_answer":"He will watch"},"test_correct_num":1,"test_total_num":7}
87	4f739e72-982c-4556-834b-dfaa1355c26d	35	{"0":{"reference":"you will accept","user_answer":"you accepted"},"1":{"reference":"you watch","user_answer":"you watch"},"2":{"reference":"you will watch","user_answer":"you watched"},"3":{"reference":"he watched","user_answer":"he watches"},"4":{"reference":"I watch","user_answer":"I watch"},"5":{"reference":"I accepted","user_answer":"I accept"},"6":{"reference":"he watches","user_answer":"He watches"},"test_correct_num":3,"test_total_num":7}
88	ceb7d49f-81a8-4577-95a1-96990f2d8fd9	35	{"0":{"reference":"you will accept","user_answer":"you will accept"},"1":{"reference":"you watch","user_answer":"you watched"},"2":{"reference":"you will watch","user_answer":"you will watch"},"3":{"reference":"he watched","user_answer":"he watched"},"4":{"reference":"I watch","user_answer":"you"},"5":{"reference":"I accepted","user_answer":"you accept"},"6":{"reference":"he watches","user_answer":"he watched"},"test_correct_num":3,"test_total_num":7}
89	5e76792c-8f1d-4261-ae52-6c7187413ba5	35	{"0":{"reference":"you will accept","user_answer":"you accept"},"1":{"reference":"you watch","user_answer":"you watch"},"2":{"reference":"you will watch","user_answer":"you watched"},"3":{"reference":"he watched","user_answer":"he will watch"},"4":{"reference":"I watch","user_answer":"I watch"},"5":{"reference":"I accepted","user_answer":"I enterred"},"6":{"reference":"he watches","user_answer":"he watches"},"test_correct_num":3,"test_total_num":7}
90	78e1b13f-f069-4333-b351-e183aef9fc56	0	NULL
91	c47982cf-709b-4d50-b60a-2c65b2797f19	35	{"0":{"reference":"you will accept","user_answer":"you will accept"},"1":{"reference":"you watch","user_answer":"you watch"},"2":{"reference":"you will watch","user_answer":"you will accept"},"3":{"reference":"he watched","user_answer":"he watched"},"4":{"reference":"I watch","user_answer":"I watch"},"5":{"reference":"I accepted","user_answer":"I accepted"},"6":{"reference":"he watches","user_answer":"he watches"},"test_correct_num":6,"test_total_num":7}
92	1d09c2f2-c802-49f4-b019-222f155dabcc	35	{"0":{"reference":"you will accept","user_answer":"you accept"},"1":{"reference":"you watch","user_answer":"you watch"},"2":{"reference":"you will watch","user_answer":"you are watching"},"3":{"reference":"he watched","user_answer":"he watches"},"4":{"reference":"I watch","user_answer":"I will watch"},"5":{"reference":"I accepted","user_answer":"I accept"},"6":{"reference":"he watches","user_answer":"he watches"},"test_correct_num":2,"test_total_num":7}
93	71edbae3-fa2c-439f-a53a-4668d25ea66e	1	NULL
94	ba1b1742-4dfd-4fae-a75d-3bd0925fda8b	16	NULL
95	90ebda84-d0bf-4933-b7f7-b11338023e68	35	{"0":{"reference":"you will accept","user_answer":"you will accept"},"1":{"reference":"you watch","user_answer":"you watch"},"2":{"reference":"you will watch","user_answer":"you will watch"},"3":{"reference":"he watched","user_answer":"he watched"},"4":{"reference":"I watch","user_answer":"he watched"},"5":{"reference":"I accepted","user_answer":"he will ac"},"6":{"reference":"he watches","user_answer":""},"test_correct_num":4,"test_total_num":7}
96	85744c46-c712-4e62-a610-694b1f0d0db2	35	{"0":{"reference":"you will accept","user_answer":""},"1":{"reference":"you watch","user_answer":""},"2":{"reference":"you will watch","user_answer":""},"3":{"reference":"he watched","user_answer":""},"4":{"reference":"I watch","user_answer":""},"5":{"reference":"I accepted","user_answer":""},"6":{"reference":"he watches","user_answer":""},"test_correct_num":0,"test_total_num":7}
97	55c5a111-3254-461a-9ccb-817d3d8e1e26	35	{"0":{"reference":"you will accept","user_answer":"to watch"},"1":{"reference":"you watch","user_answer":"she watch"},"2":{"reference":"you will watch","user_answer":"I watch"},"3":{"reference":"he watched","user_answer":"she watches"},"4":{"reference":"I watch","user_answer":"He will watch"},"5":{"reference":"I accepted","user_answer":""},"6":{"reference":"he watches","user_answer":""},"test_correct_num":0,"test_total_num":7}
98	0dad4d8c-e95a-4c44-9c7b-effc0c3d2510	35	{"0":{"reference":"you will accept","user_answer":"I accept"},"1":{"reference":"you watch","user_answer":"you watched"},"2":{"reference":"you will watch","user_answer":"you will watch"},"3":{"reference":"he watched","user_answer":"he watched"},"4":{"reference":"I watch","user_answer":"he watched"},"5":{"reference":"I accepted","user_answer":""},"6":{"reference":"he watches","user_answer":""},"test_correct_num":2,"test_total_num":7}
99	61ab864a-f364-45cc-affd-b62ffb03b8b5	35	{"0":{"reference":"you will accept","user_answer":"She will enter"},"1":{"reference":"you watch","user_answer":"She accept"},"2":{"reference":"you will watch","user_answer":""},"3":{"reference":"he watched","user_answer":"He will enter"},"4":{"reference":"I watch","user_answer":"You"},"5":{"reference":"I accepted","user_answer":""},"6":{"reference":"he watches","user_answer":""},"test_correct_num":0,"test_total_num":7}
100	329d9645-c4b3-4332-8b9d-1bbbcc095b7f	1	NULL
101	99eb52b9-a545-45b5-b405-540661f55787	35	{"0":{"reference":"you will accept","user_answer":"you accepted"},"1":{"reference":"you watch","user_answer":"you entered"},"2":{"reference":"you will watch","user_answer":"you will enter"},"3":{"reference":"he watched","user_answer":"he entered"},"4":{"reference":"I watch","user_answer":"I enter"},"5":{"reference":"I accepted","user_answer":"I accept"},"6":{"reference":"he watches","user_answer":"he enters"},"test_correct_num":0,"test_total_num":7}
102	176540a2-9cc2-4192-9bdc-c03ffc864c17	35	{"0":{"reference":"you will accept","user_answer":"she will accept"},"1":{"reference":"you watch","user_answer":"you watched"},"2":{"reference":"you will watch","user_answer":"she will enter"},"3":{"reference":"he watched","user_answer":"he watched"},"4":{"reference":"I watch","user_answer":"I "},"5":{"reference":"I accepted","user_answer":"you acceot"},"6":{"reference":"he watches","user_answer":""},"test_correct_num":1,"test_total_num":7}
103	cf989914-ebd4-4b0b-b96f-65e32f329b5b	35	{"0":{"reference":"you will accept","user_answer":"you accept"},"1":{"reference":"you watch","user_answer":"you watch"},"2":{"reference":"you will watch","user_answer":"you watched"},"3":{"reference":"he watched","user_answer":"he watches"},"4":{"reference":"I watch","user_answer":"you watch"},"5":{"reference":"I accepted","user_answer":"you accept"},"6":{"reference":"he watches","user_answer":"he watches"},"test_correct_num":2,"test_total_num":7}
104	eea08f5f-f4fc-4312-8c32-07d0ed09edf8	35	{"0":{"reference":"you will accept","user_answer":"You will enter"},"1":{"reference":"you watch","user_answer":"You accept"},"2":{"reference":"you will watch","user_answer":"You will accept"},"3":{"reference":"he watched","user_answer":"He accepted"},"4":{"reference":"I watch","user_answer":"I accept"},"5":{"reference":"I accepted","user_answer":"I will enter"},"6":{"reference":"he watches","user_answer":"He watches"},"test_correct_num":1,"test_total_num":7}
105	8a080a3e-39ea-4352-a347-ba438c042214	35	{"0":{"reference":"you will accept","user_answer":"he accepts"},"1":{"reference":"you watch","user_answer":"he watched"},"2":{"reference":"you will watch","user_answer":"you watch"},"3":{"reference":"he watched","user_answer":"he watches"},"4":{"reference":"I watch","user_answer":"I watched"},"5":{"reference":"I accepted","user_answer":"I accept"},"6":{"reference":"he watches","user_answer":""},"test_correct_num":0,"test_total_num":7}
106	f3f129ae-46cb-4722-bce5-7da622e9913b	35	{"0":{"reference":"you will accept","user_answer":"you will accept"},"1":{"reference":"you watch","user_answer":"you watch"},"2":{"reference":"you will watch","user_answer":"you will watch"},"3":{"reference":"he watched","user_answer":"he watched"},"4":{"reference":"I watch","user_answer":"I watched"},"5":{"reference":"I accepted","user_answer":"he accepted"},"6":{"reference":"he watches","user_answer":"he watches"},"test_correct_num":5,"test_total_num":7}
107	de7038e9-2d22-440d-9cc5-172a03af6c58	35	{"0":{"reference":"you will accept","user_answer":"you accepted"},"1":{"reference":"you watch","user_answer":"you watch"},"2":{"reference":"you will watch","user_answer":"you will watch"},"3":{"reference":"he watched","user_answer":"he watched"},"4":{"reference":"I watch","user_answer":"I watched"},"5":{"reference":"I accepted","user_answer":"you accept"},"6":{"reference":"he watches","user_answer":"he watches"},"test_correct_num":4,"test_total_num":7}
108	8c18258a-f908-42c1-a4ff-c6d0260532a3	35	{"0":{"reference":"you will accept","user_answer":"you accept"},"1":{"reference":"you watch","user_answer":"you watched"},"2":{"reference":"you will watch","user_answer":"you will watch"},"3":{"reference":"he watched","user_answer":"he watched"},"4":{"reference":"I watch","user_answer":"I watched"},"5":{"reference":"I accepted","user_answer":"You acepted"},"6":{"reference":"he watches","user_answer":""},"test_correct_num":2,"test_total_num":7}
109	fe3924ce-a239-4f1d-a519-8da5974af022	35	{"0":{"reference":"you will accept","user_answer":"he accepted"},"1":{"reference":"you watch","user_answer":"he watched"},"2":{"reference":"you will watch","user_answer":"he will watch"},"3":{"reference":"he watched","user_answer":"he watches"},"4":{"reference":"I watch","user_answer":"she watched"},"5":{"reference":"I accepted","user_answer":"she accepted"},"6":{"reference":"he watches","user_answer":"she will watch"},"test_correct_num":0,"test_total_num":7}
110	19dae7fd-c85c-483f-be4c-575d73878298	35	{"0":{"reference":"you will accept","user_answer":"I accept"},"1":{"reference":"you watch","user_answer":"He will enter"},"2":{"reference":"you will watch","user_answer":"She will enter"},"3":{"reference":"he watched","user_answer":"I will watch"},"4":{"reference":"I watch","user_answer":"I accept"},"5":{"reference":"I accepted","user_answer":"She accepts"},"6":{"reference":"he watches","user_answer":"He will enter"},"test_correct_num":0,"test_total_num":7}
111	5dcab9ee-8748-46fe-be5d-4bc55a42636d	35	{"0":{"reference":"you will accept","user_answer":"you will accept"},"1":{"reference":"you watch","user_answer":"you accept"},"2":{"reference":"you will watch","user_answer":"you accepted"},"3":{"reference":"he watched","user_answer":"he saw"},"4":{"reference":"I watch","user_answer":"I saw"},"5":{"reference":"I accepted","user_answer":"I accept"},"6":{"reference":"he watches","user_answer":"he saw"},"test_correct_num":1,"test_total_num":7}
112	47621e94-9af6-4b25-802e-d16fd91505e0	35	{"0":{"reference":"you will accept","user_answer":"he will enter"},"1":{"reference":"you watch","user_answer":"you watch"},"2":{"reference":"you will watch","user_answer":"you will watch"},"3":{"reference":"he watched","user_answer":"he watched"},"4":{"reference":"I watch","user_answer":"to watch"},"5":{"reference":"I accepted","user_answer":"you accepted"},"6":{"reference":"he watches","user_answer":"he watched"},"test_correct_num":3,"test_total_num":7}
113	5563992e-96a7-463f-8504-5133d69dba7d	9	NULL
114	e316fb27-bffb-4e63-8426-01b597411802	35	{"0":{"reference":"you will accept","user_answer":"you will accept"},"1":{"reference":"you watch","user_answer":"you will watch"},"2":{"reference":"you will watch","user_answer":"you will watch"},"3":{"reference":"he watched","user_answer":"he will watch"},"4":{"reference":"I watch","user_answer":"I watch"},"5":{"reference":"I accepted","user_answer":"I "},"6":{"reference":"he watches","user_answer":""},"test_correct_num":3,"test_total_num":7}
115	0e3fcdce-34e6-4b98-b5cd-979fbec674e6	35	{"0":{"reference":"you will accept","user_answer":"you will accept"},"1":{"reference":"you watch","user_answer":"you look"},"2":{"reference":"you will watch","user_answer":"you looked"},"3":{"reference":"he watched","user_answer":"he looks"},"4":{"reference":"I watch","user_answer":"i look"},"5":{"reference":"I accepted","user_answer":"i accept"},"6":{"reference":"he watches","user_answer":"he looks"},"test_correct_num":1,"test_total_num":7}
116	f7d9b5b2-06a7-4f27-8470-567b6b64d382	35	{"0":{"reference":"you will accept","user_answer":"you will accept"},"1":{"reference":"you watch","user_answer":"you will watch"},"2":{"reference":"you will watch","user_answer":"you watched"},"3":{"reference":"he watched","user_answer":"he watches"},"4":{"reference":"I watch","user_answer":"I watch"},"5":{"reference":"I accepted","user_answer":"I will accept"},"6":{"reference":"he watches","user_answer":"he watches"},"test_correct_num":3,"test_total_num":7}
117	3a542c27-4a8a-4156-8860-68ca34945b1a	35	{"0":{"reference":"you will accept","user_answer":"you enter"},"1":{"reference":"you watch","user_answer":"he enters"},"2":{"reference":"you will watch","user_answer":"she will enter"},"3":{"reference":"he watched","user_answer":"he watched"},"4":{"reference":"I watch","user_answer":"you watched"},"5":{"reference":"I accepted","user_answer":"he enter"},"6":{"reference":"he watches","user_answer":"s"},"test_correct_num":1,"test_total_num":7}
118	3aef6242-7a18-4030-8c41-d79862da731f	35	{"0":{"reference":"you will accept","user_answer":"you will accept"},"1":{"reference":"you watch","user_answer":"you watch"},"2":{"reference":"you will watch","user_answer":"you will watch"},"3":{"reference":"he watched","user_answer":"he watched"},"4":{"reference":"I watch","user_answer":"I watch"},"5":{"reference":"I accepted","user_answer":"I accept"},"6":{"reference":"he watches","user_answer":"He watches"},"test_correct_num":6,"test_total_num":7}
119	8886a065-385f-49fa-bba5-f4216fa61ea1	35	{"0":{"reference":"you will accept","user_answer":"You accepted"},"1":{"reference":"you watch","user_answer":"You watch"},"2":{"reference":"you will watch","user_answer":"you will watch"},"3":{"reference":"he watched","user_answer":"He accepted"},"4":{"reference":"I watch","user_answer":"She will accept"},"5":{"reference":"I accepted","user_answer":"She will accept"},"6":{"reference":"he watches","user_answer":"He watches"},"test_correct_num":3,"test_total_num":7}
120	85d5473a-c7aa-4bc5-97c2-79228bdf6c4f	8	NULL
121	87325ff6-8bbc-4e23-89ac-c276d40b0739	35	{"0":{"reference":"you will accept","user_answer":""},"1":{"reference":"you watch","user_answer":"to enter"},"2":{"reference":"you will watch","user_answer":"he will enter"},"3":{"reference":"he watched","user_answer":"he accept"},"4":{"reference":"I watch","user_answer":"to accept"},"5":{"reference":"I accepted","user_answer":"to enter"},"6":{"reference":"he watches","user_answer":"he accept"},"test_correct_num":0,"test_total_num":7}
122	827213ae-3cc9-4d9d-8682-96a8adca8a70	5	NULL
123	b0c22e99-d8bd-40b1-9be4-5aeb27c4b5bd	35	{"0":{"reference":"you will accept","user_answer":"you accepted"},"1":{"reference":"you watch","user_answer":"you watch"},"2":{"reference":"you will watch","user_answer":"you watched"},"3":{"reference":"he watched","user_answer":"he entered"},"4":{"reference":"I watch","user_answer":"I enter"},"5":{"reference":"I accepted","user_answer":"I accepted"},"6":{"reference":"he watches","user_answer":"he entered"},"test_correct_num":2,"test_total_num":7}
124	8ddef274-014f-4d5c-ab06-42e256c2ee1f	35	{"0":{"reference":"you will accept","user_answer":"you will enter"},"1":{"reference":"you watch","user_answer":"you watched"},"2":{"reference":"you will watch","user_answer":"you will watch"},"3":{"reference":"he watched","user_answer":"he watches"},"4":{"reference":"I watch","user_answer":"I watch"},"5":{"reference":"I accepted","user_answer":"I "},"6":{"reference":"he watches","user_answer":""},"test_correct_num":2,"test_total_num":7}
125	072020e9-b45f-48f8-87ba-85e06dc9104c	35	{"0":{"reference":"you will accept","user_answer":"i watched"},"1":{"reference":"you watch","user_answer":"she accept"},"2":{"reference":"you will watch","user_answer":"he will enter"},"3":{"reference":"he watched","user_answer":"i will enter"},"4":{"reference":"I watch","user_answer":"she accepts"},"5":{"reference":"I accepted","user_answer":"he accept"},"6":{"reference":"he watches","user_answer":"i will enter"},"test_correct_num":0,"test_total_num":7}
126	7ea5c767-4bc8-4e28-8d89-5159475f72f0	35	{"0":{"reference":"you will accept","user_answer":"he will accept"},"1":{"reference":"you watch","user_answer":"he watched"},"2":{"reference":"you will watch","user_answer":"he watches"},"3":{"reference":"he watched","user_answer":"he watched"},"4":{"reference":"I watch","user_answer":"I will watch"},"5":{"reference":"I accepted","user_answer":"I accepted"},"6":{"reference":"he watches","user_answer":"He watched"},"test_correct_num":2,"test_total_num":7}
127	696c9795-a2f3-4a2e-b4df-8192201569ed	35	{"0":{"reference":"you will accept","user_answer":"He will enter"},"1":{"reference":"you watch","user_answer":"He watched"},"2":{"reference":"you will watch","user_answer":"He will watch"},"3":{"reference":"he watched","user_answer":"You enter"},"4":{"reference":"I watch","user_answer":"I entered"},"5":{"reference":"I accepted","user_answer":"I watched"},"6":{"reference":"he watches","user_answer":"You watch"},"test_correct_num":0,"test_total_num":7}
128	8b1aaeef-9547-480b-920c-5ae81d159665	35	{"0":{"reference":"you will accept","user_answer":"I accepted"},"1":{"reference":"you watch","user_answer":"I watched"},"2":{"reference":"you will watch","user_answer":"I watched"},"3":{"reference":"he watched","user_answer":"he watched"},"4":{"reference":"I watch","user_answer":"I saw"},"5":{"reference":"I accepted","user_answer":"he a"},"6":{"reference":"he watches","user_answer":""},"test_correct_num":1,"test_total_num":7}
129	6360257b-837a-4923-aa9b-b9088cf2d38b	35	{"0":{"reference":"you will accept","user_answer":"he accepts"},"1":{"reference":"you watch","user_answer":"he enters"},"2":{"reference":"you will watch","user_answer":"he will accept"},"3":{"reference":"he watched","user_answer":"she accepts"},"4":{"reference":"I watch","user_answer":"i want"},"5":{"reference":"I accepted","user_answer":"i accept"},"6":{"reference":"he watches","user_answer":"she accepts"},"test_correct_num":0,"test_total_num":7}
130	65b0c2ee-21f5-47b4-ae85-36771dc32376	35	{"0":{"reference":"you will accept","user_answer":"you will accept"},"1":{"reference":"you watch","user_answer":"you watched"},"2":{"reference":"you will watch","user_answer":"you will watch"},"3":{"reference":"he watched","user_answer":"he watches"},"4":{"reference":"I watch","user_answer":"i watched"},"5":{"reference":"I accepted","user_answer":"i will accept"},"6":{"reference":"he watches","user_answer":"he wat"},"test_correct_num":2,"test_total_num":7}
131	108230dc-5d16-4533-8d18-b8dda85ae227	35	{"0":{"reference":"you will accept","user_answer":"he entered"},"1":{"reference":"you watch","user_answer":"he watched"},"2":{"reference":"you will watch","user_answer":"he will enter"},"3":{"reference":"he watched","user_answer":"I watched"},"4":{"reference":"I watch","user_answer":"I will watch"},"5":{"reference":"I accepted","user_answer":"I will enter"},"6":{"reference":"he watches","user_answer":"I watched"},"test_correct_num":0,"test_total_num":7}
132	c953aea6-824e-4206-87e3-3c75918b3ba4	35	{"0":{"reference":"you will accept","user_answer":"you accepted"},"1":{"reference":"you watch","user_answer":"you watched"},"2":{"reference":"you will watch","user_answer":"you will watch"},"3":{"reference":"he watched","user_answer":"he watches"},"4":{"reference":"I watch","user_answer":"I watch"},"5":{"reference":"I accepted","user_answer":"I accept"},"6":{"reference":"he watches","user_answer":"he watched"},"test_correct_num":2,"test_total_num":7}
133	d35a0afc-4b85-48bf-adc2-b00cb6e5de8a	35	{"0":{"reference":"you will accept","user_answer":""},"1":{"reference":"you watch","user_answer":""},"2":{"reference":"you will watch","user_answer":"he accepts"},"3":{"reference":"he watched","user_answer":"you watched"},"4":{"reference":"I watch","user_answer":"i watched"},"5":{"reference":"I accepted","user_answer":"he accepts"},"6":{"reference":"he watches","user_answer":"I watched"},"test_correct_num":0,"test_total_num":7}
134	71af7ae1-368a-42ec-a87f-f6f18649ba8c	12	NULL
135	1da12a3e-299a-4b8b-a61c-236b9b08b6ee	35	{"0":{"reference":"you will accept","user_answer":"you will accept"},"1":{"reference":"you watch","user_answer":"you watch"},"2":{"reference":"you will watch","user_answer":"you will watch"},"3":{"reference":"he watched","user_answer":"he watched"},"4":{"reference":"I watch","user_answer":"I watch"},"5":{"reference":"I accepted","user_answer":"I accept"},"6":{"reference":"he watches","user_answer":"He watches"},"test_correct_num":6,"test_total_num":7}
136	d868a349-4341-4734-8f6b-008dbc0d243c	35	{"0":{"reference":"you will accept","user_answer":"you accepted"},"1":{"reference":"you watch","user_answer":"you accept"},"2":{"reference":"you will watch","user_answer":"you will accept"},"3":{"reference":"he watched","user_answer":"he entered"},"4":{"reference":"I watch","user_answer":"I entered"},"5":{"reference":"I accepted","user_answer":"I accept"},"6":{"reference":"he watches","user_answer":""},"test_correct_num":0,"test_total_num":7}
137	86022a50-3562-4e66-962e-dfad83592a53	35	{"0":{"reference":"you will accept","user_answer":"you accepted"},"1":{"reference":"you watch","user_answer":"you watched"},"2":{"reference":"you will watch","user_answer":"you will watch"},"3":{"reference":"he watched","user_answer":"he watched"},"4":{"reference":"I watch","user_answer":"I watched"},"5":{"reference":"I accepted","user_answer":"I accepted"},"6":{"reference":"he watches","user_answer":"He will watch"},"test_correct_num":3,"test_total_num":7}
138	b9540820-e897-490b-8362-f3123c7b1f7d	35	{"0":{"reference":"you will accept","user_answer":"you accept"},"1":{"reference":"you watch","user_answer":"you watch"},"2":{"reference":"you will watch","user_answer":"you watched"},"3":{"reference":"he watched","user_answer":"he will watch"},"4":{"reference":"I watch","user_answer":"they watch"},"5":{"reference":"I accepted","user_answer":"they accepted"},"6":{"reference":"he watches","user_answer":"he watches"},"test_correct_num":2,"test_total_num":7}
139	78208048-f1fa-441c-af11-50ea497cd8bb	8	NULL
140	261f8f8d-302f-4174-895b-49a0df143d96	35	{"0":{"reference":"you will accept","user_answer":"he will accept"},"1":{"reference":"you watch","user_answer":"you watched"},"2":{"reference":"you will watch","user_answer":"she watches"},"3":{"reference":"he watched","user_answer":"he enters"},"4":{"reference":"I watch","user_answer":"you enter"},"5":{"reference":"I accepted","user_answer":"you will accept"},"6":{"reference":"he watches","user_answer":"I watched"},"test_correct_num":0,"test_total_num":7}
141	13f84f5e-8c41-4b07-838c-d5ca2a0eaa5b	35	{"0":{"reference":"you will accept","user_answer":"I will enter"},"1":{"reference":"you watch","user_answer":"I watched"},"2":{"reference":"you will watch","user_answer":"I will watch"},"3":{"reference":"he watched","user_answer":"he watches"},"4":{"reference":"I watch","user_answer":"I watch"},"5":{"reference":"I accepted","user_answer":"I entered"},"6":{"reference":"he watches","user_answer":"he watchs"},"test_correct_num":1,"test_total_num":7}
142	1e337a2e-731b-4058-a072-6a32347d4a94	35	{"0":{"reference":"you will accept","user_answer":"You accepted"},"1":{"reference":"you watch","user_answer":"You watched"},"2":{"reference":"you will watch","user_answer":"You will watch"},"3":{"reference":"he watched","user_answer":"he watched"},"4":{"reference":"I watch","user_answer":"I watched"},"5":{"reference":"I accepted","user_answer":"I accepted"},"6":{"reference":"he watches","user_answer":"he will watch"},"test_correct_num":3,"test_total_num":7}
143	285efea2-bf0f-4535-8a2c-86136095180b	2	NULL
144	51b02dbf-9195-47a2-ba16-6013aee8b408	35	{"0":{"reference":"you will accept","user_answer":"you accept"},"1":{"reference":"you watch","user_answer":"you watch"},"2":{"reference":"you will watch","user_answer":"you will watch"},"3":{"reference":"he watched","user_answer":"he watched"},"4":{"reference":"I watch","user_answer":"I watch"},"5":{"reference":"I accepted","user_answer":"I ac"},"6":{"reference":"he watches","user_answer":""},"test_correct_num":4,"test_total_num":7}
145	13165f49-13e3-4bc2-9990-d109975d9252	35	{"0":{"reference":"you will accept","user_answer":"You will enter"},"1":{"reference":"you watch","user_answer":"You will watch"},"2":{"reference":"you will watch","user_answer":"You will watch"},"3":{"reference":"he watched","user_answer":"He watched"},"4":{"reference":"I watch","user_answer":"I watched"},"5":{"reference":"I accepted","user_answer":"I accept"},"6":{"reference":"he watches","user_answer":"He accepts"},"test_correct_num":2,"test_total_num":7}
146	4bd77e1f-4a0e-40fb-8f2c-661867fe4da4	35	{"0":{"reference":"you will accept","user_answer":"you will accept"},"1":{"reference":"you watch","user_answer":"I watched"},"2":{"reference":"you will watch","user_answer":"I will watch"},"3":{"reference":"he watched","user_answer":"he watched"},"4":{"reference":"I watch","user_answer":"I watch"},"5":{"reference":"I accepted","user_answer":"i accepted"},"6":{"reference":"he watches","user_answer":"he watche"},"test_correct_num":4,"test_total_num":7}
147	e8b77e16-5962-4910-b5c8-44f5c692c1fc	35	{"0":{"reference":"you will accept","user_answer":"you will accept"},"1":{"reference":"you watch","user_answer":"you entered"},"2":{"reference":"you will watch","user_answer":"you will enter"},"3":{"reference":"he watched","user_answer":"he accepted"},"4":{"reference":"I watch","user_answer":"I will accept"},"5":{"reference":"I accepted","user_answer":"I accepted"},"6":{"reference":"he watches","user_answer":"he accepted"},"test_correct_num":2,"test_total_num":7}
148	dc3b6632-8bc0-43c6-8593-67182a9276d7	35	{"0":{"reference":"you will accept","user_answer":"I accept"},"1":{"reference":"you watch","user_answer":"I watched"},"2":{"reference":"you will watch","user_answer":"you accept"},"3":{"reference":"he watched","user_answer":"he will watch"},"4":{"reference":"I watch","user_answer":"he watches"},"5":{"reference":"I accepted","user_answer":"he will accept"},"6":{"reference":"he watches","user_answer":"she watches"},"test_correct_num":0,"test_total_num":7}
149	977d6972-f5ae-43f5-8493-c2707339faba	35	{"0":{"reference":"you will accept","user_answer":"you accept"},"1":{"reference":"you watch","user_answer":"you watch"},"2":{"reference":"you will watch","user_answer":"you will watch"},"3":{"reference":"he watched","user_answer":"he will watch"},"4":{"reference":"I watch","user_answer":"I will watch"},"5":{"reference":"I accepted","user_answer":"I accept"},"6":{"reference":"he watches","user_answer":"he watched"},"test_correct_num":2,"test_total_num":7}
150	58790a59-2f92-4bec-9387-e165f0711150	35	{"0":{"reference":"you will accept","user_answer":"you accepted"},"1":{"reference":"you watch","user_answer":"you watched"},"2":{"reference":"you will watch","user_answer":"you will watch"},"3":{"reference":"he watched","user_answer":"he watched"},"4":{"reference":"I watch","user_answer":"I watched"},"5":{"reference":"I accepted","user_answer":"I accepted"},"6":{"reference":"he watches","user_answer":"He watched"},"test_correct_num":3,"test_total_num":7}
151	9142b550-57b5-482c-ae5f-49d648b41ca7	1	NULL
152	582c8fbd-c73a-4426-b79a-da30a4f7ae5a	4	NULL
153	967ee97b-0fe7-41ba-8c4f-b6c5335e4082	35	{"0":{"reference":"you will accept","user_answer":"he accepts"},"1":{"reference":"you watch","user_answer":"he enters"},"2":{"reference":"you will watch","user_answer":"he will watch"},"3":{"reference":"he watched","user_answer":"she will enter"},"4":{"reference":"I watch","user_answer":"I enter"},"5":{"reference":"I accepted","user_answer":"I accept"},"6":{"reference":"he watches","user_answer":"she enters"},"test_correct_num":0,"test_total_num":7}
154	202b59a7-c9a8-4fbd-a08a-7622259980d6	35	{"0":{"reference":"you will accept","user_answer":"he will accept"},"1":{"reference":"you watch","user_answer":"he will watch"},"2":{"reference":"you will watch","user_answer":"he watches"},"3":{"reference":"he watched","user_answer":"he watches"},"4":{"reference":"I watch","user_answer":"i will watch"},"5":{"reference":"I accepted","user_answer":"i will accept"},"6":{"reference":"he watches","user_answer":"i will enter"},"test_correct_num":0,"test_total_num":7}
155	2a618394-0e2f-4aca-ab58-09cf8610a41c	35	{"0":{"reference":"you will accept","user_answer":"You accepted"},"1":{"reference":"you watch","user_answer":"You watch"},"2":{"reference":"you will watch","user_answer":"You watched"},"3":{"reference":"he watched","user_answer":"He watched"},"4":{"reference":"I watch","user_answer":"I will watch"},"5":{"reference":"I accepted","user_answer":"I will accept"},"6":{"reference":"he watches","user_answer":"He watches"},"test_correct_num":3,"test_total_num":7}
156	e135304b-ddcf-46c1-a72c-43a1af1a9473	35	{"0":{"reference":"you will accept","user_answer":"you watched"},"1":{"reference":"you watch","user_answer":"you saw"},"2":{"reference":"you will watch","user_answer":"you entered"},"3":{"reference":"he watched","user_answer":"he watched"},"4":{"reference":"I watch","user_answer":""},"5":{"reference":"I accepted","user_answer":""},"6":{"reference":"he watches","user_answer":""},"test_correct_num":1,"test_total_num":7}
157	baf8e8c4-db64-4a32-bb38-f3c60ec9def9	35	{"0":{"reference":"you will accept","user_answer":"i accepted"},"1":{"reference":"you watch","user_answer":"i watched"},"2":{"reference":"you will watch","user_answer":"i entered"},"3":{"reference":"he watched","user_answer":"he enters"},"4":{"reference":"I watch","user_answer":"you watch"},"5":{"reference":"I accepted","user_answer":"you entered"},"6":{"reference":"he watches","user_answer":"he watches"},"test_correct_num":1,"test_total_num":7}
158	e043fc85-fd02-4dc1-9e6c-0395444ce5ba	35	{"0":{"reference":"you will accept","user_answer":"you will accept"},"1":{"reference":"you watch","user_answer":"you watched"},"2":{"reference":"you will watch","user_answer":"you will watch"},"3":{"reference":"he watched","user_answer":"he watches"},"4":{"reference":"I watch","user_answer":"I watched"},"5":{"reference":"I accepted","user_answer":"I accepted"},"6":{"reference":"he watches","user_answer":"he watches"},"test_correct_num":4,"test_total_num":7}
159	74875025-652e-4630-9b00-315ab140c44e	35	{"0":{"reference":"you will accept","user_answer":"i watched"},"1":{"reference":"you watch","user_answer":"you accepted"},"2":{"reference":"you will watch","user_answer":"toaccept"},"3":{"reference":"he watched","user_answer":"she entered"},"4":{"reference":"I watch","user_answer":"you watched"},"5":{"reference":"I accepted","user_answer":"you accepted"},"6":{"reference":"he watches","user_answer":"he watched"},"test_correct_num":0,"test_total_num":7}
160	0dcfaa80-0b05-4661-bf92-db6ca386e834	35	{"0":{"reference":"you will accept","user_answer":"you will watch"},"1":{"reference":"you watch","user_answer":"you watch"},"2":{"reference":"you will watch","user_answer":"you will watch"},"3":{"reference":"he watched","user_answer":"he watched"},"4":{"reference":"I watch","user_answer":""},"5":{"reference":"I accepted","user_answer":""},"6":{"reference":"he watches","user_answer":""},"test_correct_num":3,"test_total_num":7}
161	28fc0bf2-51d2-4108-8962-95e38c4a4458	35	{"0":{"reference":"you will accept","user_answer":"you will enter"},"1":{"reference":"you watch","user_answer":"you watch"},"2":{"reference":"you will watch","user_answer":"you watch"},"3":{"reference":"he watched","user_answer":"he watches"},"4":{"reference":"I watch","user_answer":"I watch"},"5":{"reference":"I accepted","user_answer":"I enter"},"6":{"reference":"he watches","user_answer":"he watches"},"test_correct_num":3,"test_total_num":7}
162	8fb96a28-e9db-41f9-824d-8301b916118f	35	{"0":{"reference":"you will accept","user_answer":"you will accept"},"1":{"reference":"you watch","user_answer":"you watch"},"2":{"reference":"you will watch","user_answer":"you will watch"},"3":{"reference":"he watched","user_answer":"he watched"},"4":{"reference":"I watch","user_answer":"I watch"},"5":{"reference":"I accepted","user_answer":"I will accept"},"6":{"reference":"he watches","user_answer":"he watches"},"test_correct_num":6,"test_total_num":7}
163	5cf3629d-5e68-40fe-a7e0-bb444e061d93	2	NULL
164	8117a836-82ad-4dd2-97cf-49f5cc99c589	1	NULL
165	bdc075ba-25c6-4981-8043-fb3afe895ccb	35	{"0":{"reference":"you will accept","user_answer":"you accepted"},"1":{"reference":"you watch","user_answer":"you will enter"},"2":{"reference":"you will watch","user_answer":"you entered"},"3":{"reference":"he watched","user_answer":"he enters"},"4":{"reference":"I watch","user_answer":"i entered"},"5":{"reference":"I accepted","user_answer":"i accept"},"6":{"reference":"he watches","user_answer":"he enters"},"test_correct_num":0,"test_total_num":7}
166	15143dd6-605e-4c8e-9493-bc49efa78445	35	{"0":{"reference":"you will accept","user_answer":"you accepted"},"1":{"reference":"you watch","user_answer":"you entred"},"2":{"reference":"you will watch","user_answer":"you will enter"},"3":{"reference":"he watched","user_answer":"I entered"},"4":{"reference":"I watch","user_answer":"I enter"},"5":{"reference":"I accepted","user_answer":"I will enter"},"6":{"reference":"he watches","user_answer":"he accepts"},"test_correct_num":0,"test_total_num":7}
167	ee7ec979-358b-48e4-939e-1079adddfa47	35	{"0":{"reference":"you will accept","user_answer":"we entered"},"1":{"reference":"you watch","user_answer":"we watched"},"2":{"reference":"you will watch","user_answer":"we will watch"},"3":{"reference":"he watched","user_answer":"we accept"},"4":{"reference":"I watch","user_answer":"I entered"},"5":{"reference":"I accepted","user_answer":"I accept"},"6":{"reference":"he watches","user_answer":"She watched"},"test_correct_num":0,"test_total_num":7}
168	102a4beb-655d-4256-9b39-7226ed1f6286	35	{"0":{"reference":"you will accept","user_answer":"you accepted"},"1":{"reference":"you watch","user_answer":"you watched"},"2":{"reference":"you will watch","user_answer":"you will watch"},"3":{"reference":"he watched","user_answer":"he accept"},"4":{"reference":"I watch","user_answer":""},"5":{"reference":"I accepted","user_answer":""},"6":{"reference":"he watches","user_answer":""},"test_correct_num":1,"test_total_num":7}
169	e5cdd405-9369-471d-8f1d-470c4e8ca8c1	0	NULL
170	6eabcf14-b2ac-46cb-84e5-609564231950	35	{"0":{"reference":"you will accept","user_answer":" you enter"},"1":{"reference":"you watch","user_answer":"you watch"},"2":{"reference":"you will watch","user_answer":"you watch"},"3":{"reference":"he watched","user_answer":"He watches"},"4":{"reference":"I watch","user_answer":"I watch"},"5":{"reference":"I accepted","user_answer":"I enter"},"6":{"reference":"he watches","user_answer":"He will watch"},"test_correct_num":2,"test_total_num":7}
171	bbb8959f-3f47-4618-9583-ef79073cc435	35	{"0":{"reference":"you will accept","user_answer":"you accept"},"1":{"reference":"you watch","user_answer":"you watch"},"2":{"reference":"you will watch","user_answer":"you will watch"},"3":{"reference":"he watched","user_answer":"he watched"},"4":{"reference":"I watch","user_answer":"i will watch"},"5":{"reference":"I accepted","user_answer":"i will accep"},"6":{"reference":"he watches","user_answer":""},"test_correct_num":3,"test_total_num":7}
172	7754f0ef-197d-49f4-b07c-1fd6072c165d	35	{"0":{"reference":"you will accept","user_answer":"you watched"},"1":{"reference":"you watch","user_answer":"you will enter"},"2":{"reference":"you will watch","user_answer":"you entered"},"3":{"reference":"he watched","user_answer":"he will enter"},"4":{"reference":"I watch","user_answer":"I will enter"},"5":{"reference":"I accepted","user_answer":"I watched"},"6":{"reference":"he watches","user_answer":"He watched"},"test_correct_num":0,"test_total_num":7}
173	b38b47d8-0f96-427c-a4a5-73027efad9a4	35	{"0":{"reference":"you will accept","user_answer":"we accept"},"1":{"reference":"you watch","user_answer":"we watch"},"2":{"reference":"you will watch","user_answer":"we watched"},"3":{"reference":"he watched","user_answer":"he watches"},"4":{"reference":"I watch","user_answer":"I watch"},"5":{"reference":"I accepted","user_answer":"I accept"},"6":{"reference":"he watches","user_answer":"I watch"},"test_correct_num":1,"test_total_num":7}
174	9aa60b0a-9700-4062-914e-ec5e11849cbf	1	NULL
175	80d14f31-c634-4755-9449-c39e93369d15	35	{"0":{"reference":"you will accept","user_answer":"she watched"},"1":{"reference":"you watch","user_answer":"she entered"},"2":{"reference":"you will watch","user_answer":"she accepted"},"3":{"reference":"he watched","user_answer":"to watch"},"4":{"reference":"I watch","user_answer":"I watched"},"5":{"reference":"I accepted","user_answer":"I entered"},"6":{"reference":"he watches","user_answer":"She accepted"},"test_correct_num":0,"test_total_num":7}
176	6a274da2-e6cd-40a7-90de-169bd7dce91a	7	NULL
177	331391cb-defe-4fd9-a36a-cd6a0eab0377	35	{"0":{"reference":"you will accept","user_answer":"I entered"},"1":{"reference":"you watch","user_answer":"I watched"},"2":{"reference":"you will watch","user_answer":"I watched"},"3":{"reference":"he watched","user_answer":"he watched"},"4":{"reference":"I watch","user_answer":"I entered"},"5":{"reference":"I accepted","user_answer":"I entered"},"6":{"reference":"he watches","user_answer":"I watched"},"test_correct_num":1,"test_total_num":7}
178	24f01785-ecfd-4ca4-b8ab-661ee002dbfb	35	{"0":{"reference":"you will accept","user_answer":"you accept"},"1":{"reference":"you watch","user_answer":"you watch"},"2":{"reference":"you will watch","user_answer":"you will watch"},"3":{"reference":"he watched","user_answer":"he watched"},"4":{"reference":"I watch","user_answer":"I will watch"},"5":{"reference":"I accepted","user_answer":"I will accept"},"6":{"reference":"he watches","user_answer":"he watched"},"test_correct_num":3,"test_total_num":7}
179	5a544387-e904-4698-a90c-9c51970cbeaf	35	{"0":{"reference":"you will accept","user_answer":"you accept"},"1":{"reference":"you watch","user_answer":"you watch"},"2":{"reference":"you will watch","user_answer":"you watched"},"3":{"reference":"he watched","user_answer":"he will watch"},"4":{"reference":"I watch","user_answer":"I watched"},"5":{"reference":"I accepted","user_answer":"I accepted"},"6":{"reference":"he watches","user_answer":"he watches"},"test_correct_num":3,"test_total_num":7}
180	e815ae25-f944-40f0-9879-4ad6d7860c90	35	{"0":{"reference":"you will accept","user_answer":"you accepted"},"1":{"reference":"you watch","user_answer":"you watch"},"2":{"reference":"you will watch","user_answer":"you watched"},"3":{"reference":"he watched","user_answer":"he enters"},"4":{"reference":"I watch","user_answer":"I enter"},"5":{"reference":"I accepted","user_answer":"I accept"},"6":{"reference":"he watches","user_answer":"he watches"},"test_correct_num":2,"test_total_num":7}
181	e8cc783c-d77f-4ab3-9fdb-b42ed2f46db7	35	{"0":{"reference":"you will accept","user_answer":"I accept"},"1":{"reference":"you watch","user_answer":"I watch"},"2":{"reference":"you will watch","user_answer":"I will watch"},"3":{"reference":"he watched","user_answer":"he watched"},"4":{"reference":"I watch","user_answer":"I watched"},"5":{"reference":"I accepted","user_answer":"I accepted"},"6":{"reference":"he watches","user_answer":"He watches"},"test_correct_num":3,"test_total_num":7}
182	3c0c7dcf-b7b0-4356-bf81-cfaffac00684	35	{"0":{"reference":"you will accept","user_answer":"you entered"},"1":{"reference":"you watch","user_answer":"you watched"},"2":{"reference":"you will watch","user_answer":"you will watch"},"3":{"reference":"he watched","user_answer":"he watched"},"4":{"reference":"I watch","user_answer":"I watched"},"5":{"reference":"I accepted","user_answer":"I entered"},"6":{"reference":"he watches","user_answer":"he watched"},"test_correct_num":2,"test_total_num":7}
183	3150d61c-2a5a-433f-aa63-a9f803cf51c7	35	{"0":{"reference":"you will accept","user_answer":"you accept"},"1":{"reference":"you watch","user_answer":"you watch"},"2":{"reference":"you will watch","user_answer":"you will watch"},"3":{"reference":"he watched","user_answer":"he watches"},"4":{"reference":"I watch","user_answer":"i watch"},"5":{"reference":"I accepted","user_answer":"you enter"},"6":{"reference":"he watches","user_answer":"he will watch"},"test_correct_num":3,"test_total_num":7}
